{
  "id": "pattern_20260326_235755_555",
  "type": "pattern",
  "data": {
    "correlation_patterns": {
      "correlations": {
        "age_vs_income": {
          "correlation": 0.6831287438554434,
          "strength": "strong",
          "significance": 0.22912796265410046,
          "sample_size": 8
        },
        "age_vs_intelligence_score": {
          "correlation": 0.43467139459520654,
          "strength": "moderate",
          "significance": 0.11822518045348825,
          "sample_size": 8
        },
        "age_vs_raw_score": {
          "correlation": -0.42907854140613566,
          "strength": "moderate",
          "significance": 0.1163579840925167,
          "sample_size": 8
        },
        "income_vs_intelligence_score": {
          "correlation": 0.6640030414253495,
          "strength": "strong",
          "significance": 0.21752088565484334,
          "sample_size": 8
        },
        "income_vs_raw_score": {
          "correlation": -0.6323218556986011,
          "strength": "strong",
          "significance": 0.19992956127190725,
          "sample_size": 8
        }
      },
      "strongest_correlation": {
        "pair": "age_vs_income",
        "correlation": 0.6831287438554434,
        "strength": "strong"
      },
      "total_correlations": 5
    },
    "temporal_patterns": {
      "trend_analysis": {
        "age": {
          "direction": "increasing",
          "strength": 0.25630132932022354,
          "start_value": 36,
          "end_value": 35,
          "change_percentage": -2.7777777777777777
        },
        "income": {
          "direction": "stable",
          "strength": 0.07695501839082461,
          "start_value": 2589.0,
          "end_value": 3204.0,
          "change_percentage": 23.754345307068366
        },
        "raw_score": {
          "direction": "stable",
          "strength": 0.05551728401584637,
          "start_value": 0.8409285229071304,
          "end_value": 0.8782013428718562,
          "change_percentage": 4.432341031300964
        }
      },
      "seasonal_patterns": {
        "hourly_patterns": {
          "hour_23": {
            "avg_score": 88.2625,
            "count": 8,
            "variance": 23.896964285714287
          }
        },
        "best_hour": [
          "hour_23",
          {
            "avg_score": 88.2625,
            "count": 8,
            "variance": 23.896964285714287
          }
        ],
        "worst_hour": [
          "hour_23",
          {
            "avg_score": 88.2625,
            "count": 8,
            "variance": 23.896964285714287
          }
        ]
      },
      "time_based_performance": {
        "performance_series": [
          {
            "index": 0,
            "timestamp": "2026-03-26T23:57:55.308627",
            "score": 87.0,
            "quality": 1.0
          },
          {
            "index": 1,
            "timestamp": "2026-03-26T23:57:55.308627",
            "score": 93.0,
            "quality": 1.0
          },
          {
            "index": 2,
            "timestamp": "2026-03-26T23:57:55.308627",
            "score": 88.5,
            "quality": 0.9500000000000001
          },
          {
            "index": 3,
            "timestamp": "2026-03-26T23:57:55.308627",
            "score": 94.5,
            "quality": 0.9500000000000001
          },
          {
            "index": 4,
            "timestamp": "2026-03-26T23:57:55.308627",
            "score": 88.5,
            "quality": 0.9500000000000001
          },
          {
            "index": 5,
            "timestamp": "2026-03-26T23:57:55.309144",
            "score": 90.8,
            "quality": 0.98
          },
          {
            "index": 6,
            "timestamp": "2026-03-26T23:57:55.309144",
            "score": 84.8,
            "quality": 0.98
          },
          {
            "index": 7,
            "timestamp": "2026-03-26T23:57:55.309144",
            "score": 79.0,
            "quality": 0.9
          }
        ],
        "avg_performance": 88.2625,
        "performance_variance": 23.896964285714287
      },
      "data_velocity": {
        "records_per_second": 15473.887814313346,
        "records_per_minute": 928433.2688588008,
        "total_time_span_seconds": 0.000517,
        "total_records": 8
      }
    },
    "segmentation_patterns": {
      "by_source": {
        "segments": {
          "external_api": {
            "size": 3,
            "avg_income": 6703.0,
            "avg_age": 50,
            "avg_score": 90.5,
            "variance": 12.0
          }
        },
        "total_segments": 1,
        "largest_segment": [
          "external_api",
          {
            "size": 3,
            "avg_income": 6703.0,
            "avg_age": 50,
            "avg_score": 90.5,
            "variance": 12.0
          }
        ],
        "highest_performing": [
          "external_api",
          {
            "size": 3,
            "avg_income": 6703.0,
            "avg_age": 50,
            "avg_score": 90.5,
            "variance": 12.0
          }
        ]
      },
      "by_age_group": {
        "segments": {
          "adult": {
            "size": 5,
            "avg_income": 4291.0,
            "avg_age": 41.2,
            "avg_score": 87.2,
            "variance": 26.075
          },
          "mature": {
            "size": 3,
            "avg_income": 6361.666666666667,
            "avg_age": 54.333333333333336,
            "avg_score": 90.03333333333333,
            "variance": 23.963333333333345
          }
        },
        "total_segments": 2,
        "largest_segment": [
          "adult",
          {
            "size": 5,
            "avg_income": 4291.0,
            "avg_age": 41.2,
            "avg_score": 87.2,
            "variance": 26.075
          }
        ],
        "highest_performing": [
          "mature",
          {
            "size": 3,
            "avg_income": 6361.666666666667,
            "avg_age": 54.333333333333336,
            "avg_score": 90.03333333333333,
            "variance": 23.963333333333345
          }
        ]
      },
      "by_income_category": {
        "segments": {
          "high": {
            "size": 5,
            "avg_income": 5165.6,
            "avg_age": 48.6,
            "avg_score": 89.12,
            "variance": 9.327000000000004
          }
        },
        "total_segments": 1,
        "largest_segment": [
          "high",
          {
            "size": 5,
            "avg_income": 5165.6,
            "avg_age": 48.6,
            "avg_score": 89.12,
            "variance": 9.327000000000004
          }
        ],
        "highest_performing": [
          "high",
          {
            "size": 5,
            "avg_income": 5165.6,
            "avg_age": 48.6,
            "avg_score": 89.12,
            "variance": 9.327000000000004
          }
        ]
      }
    },
    "behavioral_patterns": {
      "source_behavior": {
        "internal_db": {
          "record_count": 2,
          "avg_score": 90.0,
          "score_consistency": 0.9528595479208969,
          "avg_quality": 1.0,
          "avg_income": 3530.5,
          "reliability_score": 0.9764297739604484
        },
        "external_api": {
          "record_count": 3,
          "avg_score": 90.5,
          "score_consistency": 0.9617226340868756,
          "avg_quality": 0.9500000000000001,
          "avg_income": 6703.0,
          "reliability_score": 0.9558613170434378
        },
        "file_import": {
          "record_count": 2,
          "avg_score": 87.8,
          "score_consistency": 0.9516783520829238,
          "avg_quality": 0.98,
          "avg_income": 5083.0,
          "reliability_score": 0.965839176041462
        },
        "manual_entry": {
          "record_count": 1,
          "avg_score": 79.0,
          "score_consistency": 1,
          "avg_quality": 0.9,
          "avg_income": 3204.0,
          "reliability_score": 0.95
        }
      },